Open,High,Low,Close,Volume,log_returns
92.64359724545314,92.66785697735138,92.41716485464298,92.62742614746094,4835200,0.0005239056257609415
92.25543065702792,92.2796903893105,91.83490806472972,91.89960479736328,4847500,-0.00788854750090196
91.48716561468629,91.62464770613666,91.2283848687498,91.46290588378906,7312000,-0.004763239089822545
91.74596830792451,92.0532747589884,91.70553747003058,91.89153289794922,5885000,0.004675401346169964
92.1341065699782,92.1341065699782,91.6165451567188,91.6246337890625,4375200,-0.0029087278999380024
91.74595320302315,91.85108693784487,91.5437805373754,91.72978210449219,2748100,0.0011469407643543094
91.90769464137168,91.9643027407163,91.76213007593978,91.85916900634766,4028400,0.0014095284328868671
91.94006521271089,92.045192802649,91.86727982750638,91.96432495117188,3085500,0.0011440970251485204
91.97236835525341,92.05323616695973,91.81062656202221,92.02897644042969,2646800,0.0007027591920968272
91.90766898330968,92.0936643278801,91.89149171954455,92.06940460205078,2056700,0.0004392017142359588
92.27970401852605,92.43335723876953,92.14222806874027,92.43335723876953,2804700,0.003945232094738726
92.33625618112816,92.36051590229539,92.27964810846558,92.31199645996094,3185400,-0.0013138170334003497
92.1422035817257,92.15837467806496,91.86724558540395,91.8834228515625,4735800,-0.004653474916919686
92.01281791796717,92.2311678408496,91.96429845502432,92.0775146484375,4140000,0.0021101422022745788
91.98853679268024,92.24731748455702,91.94001734102157,92.06940460205078,4655400,-8.808234669332183e-05
92.16838407234175,92.6470303955513,92.16838407234175,92.52534484863281,4772900,0.004939914868887361
92.46044176394375,92.5983561767839,92.41176754517636,92.52534484863281,5958300,0.0
92.53345449650224,92.53345449650224,92.29007720947266,92.29007720947266,2827000,-0.0025459754778444244
92.33062282927777,92.62268048050096,92.19270843550515,92.55777740478516,3177400,0.002896440242966479
92.84174944995459,92.85797212808991,92.59025151761114,92.66326904296875,3336800,0.0011390892300120624
92.5253546155704,92.67138347678615,92.37932575435465,92.66326904296875,5153500,0.0
92.60648538878942,92.60648538878942,92.33065032958984,92.33065032958984,2742400,-0.0035960000516487302
92.53344221797347,92.55777932449718,92.41986492786411,92.51721954345703,1984400,0.0020186251250688893
92.64703935034471,92.75250842053326,92.4766733786933,92.57402801513672,3366600,0.0006138428933060269
92.37119997941606,92.37119997941606,92.00613096594877,92.06291961669922,6524400,-0.005536375146038126
91.82762044351566,91.83572868417698,90.91899614021582,90.93521881103516,8498000,-0.012324880355407682
90.94335727290967,91.4787983938879,90.94335727290967,91.438232421875,6065900,0.005516317018589863
91.36523990836342,91.40579969922776,91.12185640517907,91.34089660644531,2652400,-0.0010650649792273738
91.25167572312345,91.2922355198249,90.8460406191061,90.8541488647461,4524200,-0.005343162855708528
90.17266862587114,90.47283458752047,90.11587996911322,90.2375717163086,5033900,-0.006809582779771658
90.21324189543185,90.38361408066297,89.89684701914601,90.34304809570312,7176400,0.0011681917084943858
89.63723534936868,90.63510033731002,89.63723534936868,90.48095703125,5420300,0.0015253390963105545
89.83195252608786,89.9942040912932,88.62315546415638,88.86653900146484,9819200,-0.018003726537585214
89.30459642931902,89.33704796964017,88.86650991923116,89.26403045654297,8060000,0.0044629298165763795
89.70433637527802,89.97291371994808,89.58225519958194,89.76130676269531,5013500,0.005555387776963625
89.67992307999029,89.94849422043892,89.57411649470731,89.70433807373047,5862300,-0.0006348701550121405
89.50088637583082,89.50088637583082,89.15906398809263,89.16719818115234,5171300,-0.006005891361020936
89.15904886491941,89.3136792278253,88.36145721951029,88.40215301513672,8697800,-0.008616913838444899
88.51610110592124,88.51610110592124,88.06033175260951,88.38587951660156,12208400,-0.0001841018121879407
87.93827890972393,87.93827890972393,86.83955415352082,86.8558349609375,9895300,-0.017462548127713775
87.77548764736493,88.09289503811961,87.75107264950806,87.88129425048828,8196200,0.01173730010083544
88.00338164642444,88.79283313806717,88.00338164642444,88.7358627319336,5711600,0.009677147622916629
89.34624294515673,89.5090199335187,88.88233939461276,89.39507293701172,6994400,0.007401445593614728
88.62191257148822,88.63005297416537,88.13359396909469,88.2719497680664,5986400,-0.012643180627931216
88.5812150810077,88.86607328551307,88.34519929163527,88.84979248046875,3879300,0.0065248315099799
89.20789524286025,89.41950224224546,89.03698404657872,89.15906524658203,4319300,0.003474805481583791
88.78466698796541,90.46937610074386,88.45098505146386,89.90780639648438,9837300,0.008362747465927477
88.74396684279593,89.1915895052692,88.48352991993508,88.68699645996094,7538500,-0.013671494713695331
88.75213016958719,89.0695375572762,88.51610817707092,88.94745635986328,4752000,0.0029325401961850044
88.70329552581738,89.31369531431466,88.60563553361477,89.14278411865234,4615900,0.002193582720619481
89.19974855538007,89.19974855538007,88.80095579215539,88.82537078857422,4658400,-0.003567083861826462
89.06955001753397,89.18349082857691,88.79283218406646,89.02071380615234,4270500,0.0021967657773308107
88.9962498733494,89.02880525993477,88.62187224157532,88.89044952392578,3860500,-0.001464374725750523
88.81722807383262,88.92303466796875,88.6544572957408,88.92303466796875,1997500,0.0003665092617223516
88.70327784524999,88.87418900684584,88.37773011441224,88.45912170410156,7379700,-0.0052306729275838175
88.09287616322509,88.51609006642475,87.99521619272237,88.49980926513672,6058900,0.0004598531594795058
88.36146533186708,88.90675427120654,88.36146533186708,88.61376190185547,8844400,0.001286774939846737
89.02036110280308,89.36327946546133,88.88156170304376,89.31429290771484,7724400,0.007874358277425374
88.84075769629884,89.20817565917969,88.84075769629884,89.20817565917969,3134600,-0.0011888392748018873
89.38777988124565,89.6082256225598,89.23264747451792,89.51024627685547,3791300,0.003380411510517517
89.34697050940473,89.62456936429007,89.12652472636152,89.20000457763672,3194000,-0.003472011363594255
89.42861301004129,89.7143783569336,89.40411972733871,89.7143783569336,3091400,0.005749959148572105
89.43678448641067,89.51843084303098,89.27348554395233,89.46944427490234,5464200,-0.0027338878140858425
89.74703458466918,89.74703458466918,89.53475532351995,89.61640167236328,2741200,0.001641195368284827
89.58371671521908,90.10626067604944,89.51839716281144,90.08992767333984,3270400,0.005270010228764981
90.04095293234255,90.12259926895217,89.93481331767165,90.00829315185547,3239700,-0.0009065556194972895
90.51454554424308,91.21671552426449,90.44105945231505,91.10240936279297,6935200,0.012082439150461885
90.91458841387828,90.91458841387828,90.694142666111,90.8084487915039,3335900,-0.0032319217241628547
90.77580096147435,90.82478752760252,90.6370015379662,90.7431411743164,3153900,-0.0007194387007757734
90.628824865412,90.628824865412,90.44919917080587,90.51451873779297,2521400,-0.0025226250617322553
90.49003688339592,90.73497594670015,90.45737709577851,90.68598937988281,1670000,0.0018926072013212554
90.79211591289746,90.88192875857744,90.68597629037411,90.82477569580078,1552400,0.0015292353917056222
90.81661911226392,90.98807830756105,90.70230675284893,90.97991180419922,1935100,0.0017066242700933651
90.36756221736543,90.849280058216,90.36756221736543,90.56351470947266,2746100,-0.004587308204141587
90.4247315309972,90.43289803649046,89.99200017813332,90.07364654541016,3286000,-0.005423793881079869
90.05729967069261,90.48186442333737,89.97564709241499,90.37572479248047,4071600,0.0033480696220906598
90.41653011012517,90.4900161727498,90.13076482039853,90.48184967041016,3306300,0.0011735741831674995
90.49819588524058,90.7594741825041,90.43288254014216,90.7431411743164,3777200,0.0028836164785754205
90.72512537319786,90.95446199235191,90.5203652212554,90.61865234375,3258500,-0.0013728233240638808
90.60224253718837,90.81518852147524,90.47119308644407,90.70052337646484,4239900,0.000903059899247671
90.60228704717683,90.83980960675174,90.60228704717683,90.82342529296875,2036400,0.00135411262463607
90.83979364360835,91.08550206811196,90.80703127058446,90.99540710449219,2512600,0.0018917937217788972
91.38854442411103,91.56873434167376,91.22473256778885,91.40492248535156,5003600,0.004490299659667155
91.32301448858698,91.39672513315294,91.12644652096138,91.20015716552734,2708300,-0.0022427131385659286
90.74969687044995,91.01997550713624,90.74969687044995,90.98721313476562,2550400,-0.0023376387439050642
90.58587142391234,90.65958831288718,90.12721077707383,90.15997314453125,5320800,-0.009133409774200307
90.33196837515817,90.71691837109985,90.17634869625856,90.62682342529297,3533200,0.005164661660463875
91.09369840813662,91.20017143876754,90.95446300297681,91.10189056396484,3731600,0.005228323146304581
91.01997200389037,91.06092652997324,90.92169113934483,91.052734375,1495000,-0.0005397193749494037
91.2001920554563,91.2001920554563,91.03638639456595,91.0445785522461,1917800,-8.957653057317716e-05
90.79065012152759,90.93807768087751,90.49579500282773,90.61865234375,3791600,-0.004689193149904266
90.95445064318939,91.30663831053631,90.90530396368257,91.24930572509766,2877000,0.006935316323317929
91.25747520933429,91.29842972675638,91.01176685114781,91.06909942626953,1784100,-0.001976831218588356
91.13464180203289,91.36397841143553,91.09369352265587,91.16740417480469,1688000,0.0010788701070075964
91.22474532934119,91.61788759072827,91.22474532934119,91.60969543457031,2543400,0.004839688604436187
91.7325356850206,91.7325356850206,91.52777556072368,91.60148620605469,2000700,-8.961492904096352e-05
91.15922573240458,91.48683698938044,91.15922573240458,91.42950439453125,2739000,-0.0018792649438641306
91.56053393376408,91.81443447719869,91.49500919714134,91.61786651611328,3458600,0.0020580704014630455
91.72304215039094,91.98597636358313,91.55871061796311,91.7394790649414,1936500,0.001326508804710721
91.95311923054325,91.95311923054325,91.74770167129587,91.87916564941406,2728300,0.0015214861392414882
91.6490699804994,91.6490699804994,91.40256647987869,91.42721557617188,3296400,-0.004931099354117557
91.69839053855272,92.12566254132874,91.66552297919718,92.0352783203125,2624700,0.006628765997615392
91.91202263303184,91.94489019099026,91.82163841585756,91.8298568725586,1554800,-0.0022344805393279075
92.24071073140286,92.29822740233372,92.14210803744412,92.19140625,3897200,0.003929435506678171
92.63512919216929,92.69264587565627,92.47901606204651,92.52009582519531,3847200,0.003558954569029545
92.30644103201183,92.68441489699396,92.07637434469892,92.65975952148438,3290600,0.001508411619709576
92.84874445103466,92.85696290936056,92.63510841648964,92.7665786743164,2102300,0.0011521466226183056
92.61863678951168,92.62685524420132,92.13384826432917,92.20780181884766,4677300,-0.006041685920856287
92.07634316874902,92.47896600407039,91.96130986404147,92.4132308959961,7737400,0.0022254145035305282
92.32284607472442,92.47074693248409,91.20537432028364,91.62442779541016,6415100,-0.008572244795063931
91.96953127093916,92.25711454193619,91.82163040744852,91.9859619140625,5237800,0.003938062398941298
92.14209412921826,92.56114767923093,92.14209412921826,92.24890899658203,6615000,0.00285447873968636
92.09280982488822,92.30643959186172,92.00242558930445,92.19140625,2978500,-0.000623537737595363
91.94487394356413,92.18315899502156,91.81340373496228,92.1502914428711,2929800,-0.000446071706241567
92.20785052618523,92.31466541819725,92.10102936532573,92.25714874267578,2097600,0.001158926252186512
92.25715623376597,92.34754048390265,92.21607647297074,92.29002380371094,2504200,0.00035627813668774323
92.4872143821237,92.4872143821237,91.9942134163401,92.13389587402344,3713000,-0.0016931422698138164
92.25714404676093,92.3639652021832,92.15854761879841,92.30644226074219,3114800,0.0018710271169572379
92.11745251464623,92.28178405761719,92.09280341008525,92.28178405761719,3136500,-0.00026716983811464045
92.19137806757287,92.55291489938804,92.19137806757287,92.40501403808594,9725700,0.0013344754473731874
92.32671540333592,92.37616971466112,92.17010169921049,92.31022644042969,5653200,-0.0010263106144440218
92.12888865380377,92.49157038547789,92.12065046077261,92.41738891601562,3669100,0.0011602216311864854
92.15363142934144,92.53279587416444,92.15363142934144,92.52455139160156,4849800,0.0011588770767833121
92.68117552602597,92.73062984956228,92.51631729974109,92.65644836425781,3602700,0.001424519741599247
92.3514450626821,92.6234563597385,92.3514450626821,92.46684265136719,3741600,-0.002048427057989811
92.46683530866628,92.53277857944896,92.35143772914479,92.44210815429688,3386300,-0.0002675316377067487
92.53279616558348,92.57400600113239,92.36793795729498,92.49982452392578,3274900,0.000624156681687299
92.44211627983441,92.59048550778869,92.12065066738299,92.17010498046875,5184100,-0.003570910485614757
92.52455688369066,92.63171000857793,92.44213091926217,92.5657730102539,3359300,0.004283614413285142
92.70589406016475,92.92020659004103,92.6069791335993,92.85426330566406,4205600,0.003111751393534818
92.84601894134863,92.89547326034557,92.72237685515856,92.73062133789062,2693000,-0.00133245750379065
92.92845700039398,92.92845700039398,92.67293460071453,92.74711608886719,4850000,0.0001778623272948867
92.99436477227347,93.07679071274717,92.82126841066987,93.00260925292969,5233900,0.0027509416201456282
92.66465314352698,92.73059641026131,92.50804574590295,92.6481704711914,4152700,-0.0038183433745928148
92.68940509472164,92.88723494785255,92.63170629306622,92.85426330566406,2874000,0.002221996930942946
92.62346337460725,92.89546840356711,92.61521889230623,92.86250305175781,2527700,8.873454196701527e-05
92.7223616959197,92.83775928051128,92.56575428180068,92.60696411132812,3296000,-0.002755592131004102
92.69764374050149,92.69764374050149,92.22780887412094,92.35969543457031,4321800,-0.0026736583194377273
92.27724959916027,92.60695966302599,92.19482365536794,92.5904769897461,3771700,0.0024956091895191783
92.59872483841923,92.71412871819872,92.57399768157256,92.67291259765625,2915700,0.0008899288038970929
92.63168866174631,92.99437036808985,92.59047883337779,92.9201889038086,6666600,0.002664715988597002
93.1682394805319,93.22611797106511,92.87884702786576,93.0442123413086,6646600,0.00133384083251898
93.14341925203664,93.14341925203664,92.9780476588293,93.08554077148438,3001200,0.00044408193922591555
93.26746718190155,93.30053519964068,92.8540475690532,93.12689971923828,3663100,0.00044421251689737476
93.08555581906485,93.13516415090577,92.96979883924786,93.06901550292969,1716000,-0.0006217560477013542
92.77137669827967,92.82925520303844,92.53986267924462,92.57293701171875,6417800,-0.005344478069745432
92.52331512370424,92.63080195729846,92.24218649296726,92.2669906616211,4868500,-0.0033103954686306844
92.43235576926406,92.45715993616543,92.19257164207998,92.25045013427734,2832900,-0.0001792841621551986
92.33313088758081,92.47369203597565,92.15949541457263,92.3083267211914,4094700,0.0006271886907509859
92.26697092650465,92.46541684985533,92.2090924425978,92.43234252929688,2356600,0.0013425936718473679
92.56462697998826,92.90363401061043,92.4654103335866,92.87055969238281,3617000,0.004729747616040402
92.82096551086997,92.94499264604931,92.78789118760334,92.8871078491211,2098900,0.0001781692998310643
92.67215234869776,92.82924752960928,92.67215234869776,92.804443359375,3205500,-0.0008903420179199855
92.79617490131356,92.87885756741751,92.64734357901325,92.73002624511719,2362400,-0.0008021918342951083
92.68869418598159,92.83752552823779,92.62254552091574,92.82099151611328,1829100,0.0009804880553192059
92.82923607960345,92.87885072223565,92.6390665924082,92.68867492675781,4432600,-0.0014265198609954648
92.83751766631697,93.05249765543348,92.73830098540424,93.03595733642578,3305400,0.00373976042044709
93.03594779991785,93.13517077894325,92.93673112917519,93.09382629394531,1994800,0.0006218129979568497
93.18477460051994,93.18477460051994,92.9780648021086,93.02767944335938,1684100,-0.0007107921581530998
92.96154314232393,93.00288763081112,92.80444165601253,92.87886047363281,2477300,-0.0016010087819514271
93.01941800645041,93.50725014846394,92.90366101314946,93.47418212890625,4964400,0.006389202689031772
93.38325859428407,93.73879984473413,93.38325859428407,93.72225952148438,2226400,0.002650451425437218
93.8710670588156,93.96201988874468,93.68089754771543,93.75531005859375,5386200,0.00035258124506072554
93.9029402360574,93.96929253317194,93.78682687995864,93.91952514648438,5756700,0.0017499962594351203
93.98588208987314,94.17664337158203,93.91124049770681,94.17664337158203,3752800,0.002733903484266195
93.85317369649854,93.98587195527533,93.81170193129789,93.86975860595703,4474200,-0.003263928847779546
93.79511496280747,93.80341058176575,93.61265563964844,93.61265563964844,3497900,-0.0027426905985966916
93.71216638854709,93.83657534701658,93.6375248100869,93.77851867675781,3241000,0.0017702336412433412
93.68730112212357,94.04393681971669,93.63754006171172,93.93611907958984,4375000,0.0016791491781974522
93.86145088761451,93.88633141244635,93.58775245905994,93.63751983642578,3135900,-0.003183810871534647
93.55458622125128,93.84486956822464,93.55458622125128,93.76193237304688,3367200,0.001327779280382183
93.93610768206237,94.08539717288772,93.86145977279833,93.94439697265625,2110100,0.00194415028749951
93.76194388761388,93.93611391718709,93.76194388761388,93.92781829833984,2088400,-0.00017648883668638582
93.52142281421729,93.73705828550614,93.52142281421729,93.61265563964844,4144800,-0.0033610126791014214
93.47166819781376,93.47996381790533,93.30579376220703,93.30579376220703,4562500,-0.0032833800419650827
93.06524374205108,93.20623760318361,92.73348864173164,92.8744888305664,8051500,-0.004633204947244624
93.24774139338132,93.24774139338132,92.97404286702711,93.04869079589844,3619900,0.0018739139106660108
93.0486861738504,93.28920853405916,92.94915771620069,93.10674285888672,4988400,0.0006236945517019959
93.02378963998494,93.09013560596824,92.30222268347818,92.3934555053711,8424200,-0.0076904593667063165
92.28566275083563,92.31054961518723,91.90414642427805,92.01197052001953,5935900,-0.0041374653423366025
91.7714345149952,91.84607611386936,91.57238392362659,91.7382583618164,5592000,-0.0029791784457973043
91.348427016515,91.39818807183316,91.15767208599348,91.21572875976562,6043600,-0.0057121578060308955
91.23230799022429,91.62211977316036,91.22401237228667,91.29866027832031,5891000,0.0009087669711876892
91.52258098718158,91.53917222117987,91.26547380952377,91.28205871582031,5882900,-0.00018185449851674688
91.30287970212744,91.41935817561266,90.97840304776139,91.26128387451172,8394300,-0.00022761543755565368
91.10319458170427,91.24463180785914,90.75375919440395,90.82032012939453,11547300,-0.004843593174915419
90.95343158566848,90.95343158566848,90.72047467121604,90.87855529785156,6736600,0.0006410074945607758
90.61234140517661,90.77873743074592,90.36274101922113,90.68721771240234,9146900,-0.0021076401472159127
90.95344434562513,91.07824452376153,90.76208322613587,90.78704833984375,5635700,0.00110021811558582
90.84528927951746,90.84528927951746,90.53744968069064,90.56240844726562,4164900,-0.0024774268581180467
90.4542576862933,90.6123383485727,90.28785531873571,90.31282043457031,1997500,-0.0027597827812217905
90.45422973673392,90.62894740798222,90.40431221569135,90.60398864746094,5427200,0.0032188105213791273
90.7204855175422,91.21135816774031,90.7204855175422,91.1780776977539,6229200,0.006316255177913585
91.4692720022783,91.65231139695224,91.39438936463894,91.56910705566406,6519200,0.004279463513567271
91.41935821295014,91.5524800956166,91.24464050265095,91.4609603881836,6233700,-0.0011817367668209443
91.17808267977775,91.31952627184867,90.97840619654947,91.16144561767578,6353300,-0.0032801565329148366
91.18639885540435,91.31119903020492,91.06159868060377,91.09487915039062,5955600,-0.000730470893998147
91.04492639050261,91.26124618661392,91.01996763472017,91.14476776123047,4268100,0.000547505583241972
91.02835100388786,91.05330977657886,90.71218962286208,90.75379180908203,8084000,-0.004298841675009353
90.94513174860613,91.12817118185627,90.79537278936523,91.11153411865234,6091900,0.003934150384736409
91.06992093099855,91.23632328093058,91.06992093099855,91.1780776977539,4612800,0.0007300863871976043
91.34446415135147,91.4359838409871,91.28622492591057,91.36942291259766,3541700,0.002096388986775614
91.6689691233227,92.10160259659784,91.56912769982775,91.91024780273438,7438500,0.005901652460927916
91.75215647069426,91.88527835321372,91.69391723399218,91.73551940917969,6509900,-0.0019028856360949102
91.51087897306151,91.64400085725931,91.3112024943656,91.42768096923828,6552600,-0.003361360023784872
91.21732992516266,91.37592724926535,91.08377931145574,91.17559814453125,9179200,-0.002760990778123354
91.42601583521049,91.50114323619609,91.18394856057596,91.29246520996094,3496000,0.0012809593006182433
91.21735223783061,91.4093388544087,90.93355313406619,91.15057373046875,5427500,-0.0015554609145367472
91.45940474542944,91.86841189220057,91.3759348089136,91.80998229980469,6439700,0.00720823590402824
92.10215814372087,92.56125248606074,91.99364783023593,92.50282287597656,8755800,0.007518130266846415
92.43600296097905,92.5361706912695,92.36088193952149,92.4193115234375,5875300,-0.0009032056490969061
92.60296337241289,92.71982255815719,92.33585575237618,92.58626556396484,3725500,0.0018048546262963072
92.26073938621086,92.26908829143348,91.11718773631351,91.23404693603516,12496500,-0.014712661527909449
91.400986830395,91.55958418788099,91.2173491255899,91.23404693603516,4485300,0.0
91.56791956015034,91.59296627385847,91.31750973820354,91.46775817871094,4477400,0.002558391472992235
91.40930750893867,91.61798549662427,91.14219993943496,91.22566986083984,4157800,-0.0026502153051043403
91.20898613243628,91.35923456149263,91.00865701647709,91.01700592041016,3689500,-0.002289957944479187
91.01698925860535,91.13384841888465,90.8333516157817,91.11715698242188,4397400,0.0010997505411340762
91.08377589813517,91.38427272814906,91.03368884756807,91.35088348388672,6348500,0.0025618363489468884
91.37592449362153,91.45939442071456,91.28410566331502,91.32584381103516,6923900,-0.00027414190498344044
91.10045927358915,91.23401623881855,90.34087473097343,90.38260650634766,6330400,-0.01038196930614247
90.09880780929525,90.20731806764734,89.74822395856806,89.81500244140625,7929400,-0.006299816579096396
89.92351867736556,90.01533113043584,89.76492137340067,89.95690155029297,6138800,0.0015786575677907014
89.31421064044605,89.59800974829038,88.61305540811365,88.95528411865234,7474000,-0.01119686613023111
89.18895238987764,89.80663732373694,89.18895238987764,89.7231674194336,8511300,0.008595194569894169
89.73154516428293,90.13220974941497,89.57294783728415,89.70650482177734,8287600,-0.00018572845278062237
90.24840515189986,90.4996496571378,90.13115643820701,90.3321533203125,11077400,0.006950185293418294
90.33211493914548,90.90998791793923,90.33211493914548,90.86811065673828,6419400,0.005915652523286179
90.77599327716983,91.16961656244575,90.49124832416294,90.98536682128906,5562500,0.00128956765002801
91.09422322494642,91.21984860790323,90.96860423156201,91.06909942626953,5079500,0.0009198632981712554
91.4543537537855,91.64698020943946,91.21985642660535,91.55485534667969,5701800,0.00531975190854042
91.54647929561071,91.62185708823371,91.27011109485431,91.42086029052734,5153900,-0.001464621462346766
91.3622055053711,91.61345622850835,91.32871137255269,91.3622055053711,4640100,-0.0006417967322540405
91.51298591909585,91.62186425144446,91.29524203354565,91.37899017333984,4148900,0.00018369878727801658
91.37897435757847,91.87309276954426,91.37897435757847,91.75584411621094,4684400,0.004115595771457375
91.43759129796986,91.73071290762496,91.3957140439169,91.5213394165039,6808200,-0.0025590182384898595
91.30360474004253,91.36222907195366,90.73410849166022,91.22823333740234,10297700,-0.0032077375176622616
91.41984252838715,91.49546943314728,91.25177205464294,91.31900024414062,4734900,0.0009944485318962898
91.18451834663308,91.30216443144181,91.07527097414584,91.15930938720703,5209800,-0.0017502452540476908
90.78115410623653,90.89040147673104,90.3189748989842,90.67191314697266,6982200,-0.005360986972009747
90.60471478122673,90.9576531452931,90.51227762712847,90.94084930419922,5202800,0.0029616459787790805
90.90722942842687,91.07529347360665,90.79798844018325,91.04167938232422,2978900,0.0011081293261568765
91.10050530812794,91.2349552567973,90.94083998355293,91.17613220214844,2573300,0.0014757376686290835
90.95766035663395,91.52068845202501,90.93245138737812,91.51228332519531,3472600,0.0036800527438490644
91.51226993734272,91.57109299407853,91.41142766383892,91.42823791503906,2277500,-0.0009188277752723084
91.41143470282009,91.41143470282009,91.17614245775862,91.33580780029297,2931200,-0.0010114694305933026
91.3862492351392,91.85683384627224,91.33583128715622,91.76439666748047,3857000,0.004681476475540556
91.68031971337786,91.96603623822193,91.59628770415242,91.6467056274414,2557400,-0.001283358037977344
91.35261348167946,91.36942373451265,90.69715466831013,90.73917388916016,7038900,-0.009951858453048789
90.78958586799205,90.8904281446755,90.53748338189969,90.6887435913086,5048300,-0.0005559265613661854
90.69712041445314,90.69712041445314,89.82317352294922,89.82317352294922,7721100,-0.00959024441445253
89.5458944522653,89.82320591819723,89.50388164336319,89.73917388916016,8509900,-0.0009356041634245403
89.58791496160295,89.67194699184928,89.29379965012431,89.56270599365234,6154800,-0.001968389317513518
89.07532615625333,89.28540947265958,88.73078643995474,89.26020050048828,7931400,-0.003383300133664826
89.18454549193257,89.44505310058594,88.92404429451167,89.44505310058594,7766000,0.0020687994594719207
89.43666971692146,89.53751201684071,89.18456717274033,89.26020050048828,5497000,-0.0020687994594720273
89.03328375718326,89.12572090524357,88.82320049545207,88.95765686035156,7146100,-0.003395214545247533
88.52069599705395,88.52069599705395,88.13414349533451,88.17616271972656,8349900,-0.00882382836955825
87.65513057885536,87.70555491699771,87.10891927403972,87.36101531982422,9744600,-0.009287528356392393
88.10051832821303,88.26858879342957,87.79800431328864,87.94926452636719,9557500,0.006710974562524336
88.31061844405268,88.5711261120146,88.15095948568742,88.26020050048828,7904600,0.0035291667992947196
88.84002897688256,88.9408648600166,88.5627174757966,88.73078155517578,8765600,0.005317583507300096
88.33583223713838,88.36104120846686,87.78120922297673,88.13414764404297,14850600,-0.006746800250672913
88.1425111085999,88.31057511217223,87.98284581734465,88.26856231689453,6197500,0.0015239527657529388
88.60472440814505,88.89883971186958,87.75598617919755,87.80640411376953,10195900,-0.005249573790534011
88.48706697275803,88.69715022159056,88.10050815302203,88.30219268798828,7410800,0.0056305017816895035
88.24338663406743,88.66355321267386,88.04170206024845,88.57952117919922,7223200,0.0031357534071109385
88.30222514454164,88.63835974847044,88.26861104302533,88.5543212890625,4809900,-0.000284529370058038
88.78450012207031,88.78450012207031,88.34597768138725,88.78450012207031,5899800,0.002595922995735301
89.07967271527369,89.2483401656258,88.98690722608137,89.1893081665039,7244800,0.004549082209596488
88.64958971988956,88.72548525091926,88.37129323810258,88.42189025878906,6752600,-0.008641602446661234
88.03397000503541,88.18576751015459,87.78097201850142,88.00023651123047,9835900,-0.004780064248656525
87.79784736394464,88.01711187011344,87.69664687632678,87.8990478515625,5035500,-0.0011505296476519281
87.67133331298828,87.70506680307011,87.51953582462275,87.67133331298828,6037700,-0.0025939986545733293
87.94962680158815,88.10142428481193,87.86529629624275,87.98336029052734,5457700,0.0035527351912585745
87.59544833312543,87.82314137608743,86.76055882958379,86.8280258178711,9866500,-0.01321826135278203
87.02198458267893,87.19908058673933,85.89193514161964,86.32202911376953,11060200,-0.005844620086166543
86.60876383460771,86.83646331817917,86.32203877708079,86.65093231201172,11158600,0.0038029480668598987
87.06417367721609,87.17380916666089,86.86177910025219,86.97984313964844,7384300,0.0037886281415845826
87.16535924081818,87.29185824248901,86.89549770645678,87.23282623291016,5539500,0.0029043039406775823
87.01355681865812,87.1231858491204,86.6930982753026,86.8280258178711,10384200,-0.004651260062955577
86.92079500924486,87.04729400915365,86.60033645228148,86.86176300048828,7250700,0.00038847629755322486
86.28830139435496,86.4822673740656,85.57148234882663,85.76544189453125,16308300,-0.012701773699801513
85.54616372712081,85.63049422429886,84.32334899902344,84.32334899902344,14922100,-0.016957348501538825
81.95364367544295,83.5306506551118,81.68378217221677,83.47161865234375,21996200,-0.010152124034851847
85.0064531251167,85.16667916273892,84.14626520101666,84.47515869140625,15088800,0.01195083345935804
82.59457412905215,83.96918027180904,82.5777041645485,83.65715026855469,11971600,-0.00973060897470342
82.83279229116205,85.0756285825711,82.03721627402632,82.36729431152344,15640900,-0.01553845775524869
82.60427220652585,83.53526170246477,81.88487152589931,82.18955993652344,15469300,-0.002160158504796813
82.1049246082288,82.79893565492239,81.59711274967853,81.83409118652344,9996600,-0.0043343664657384704
81.06390351047406,81.08929313441797,79.79437065585479,80.07366943359375,9520700,-0.02174684060363779
80.06523124091248,80.06523124091248,79.2865857089258,79.44739532470703,6372900,-0.007851970239728645
79.55738555022202,81.14007203415608,79.55738555022202,80.14137268066406,10283000,0.008697124979344004
80.97082320529601,81.47863517666988,80.62382083344271,80.9200439453125,10222200,0.009669321775811856
80.6237857486559,81.1400628577536,80.36987664487198,81.03849792480469,7325500,0.0014627694130324254
81.06389921346386,81.15699880110851,80.23447474176483,80.4122085571289,5711300,-0.00775831240081266
80.52224160489477,80.69151007966786,79.98057473700678,80.2429428100586,5511300,-0.0021071943011095585
80.44605714272205,80.8438386270902,80.36988182380755,80.72534942626953,7626000,0.005993827153802085
81.50399536720221,82.44345000621257,80.6491749432823,82.37574005126953,13249500,0.020238331477352024
82.0710804277696,83.28983421447786,81.88488121511374,82.90050506591797,8794700,0.006350177881809117
82.41807301112875,82.86664672359476,82.29958379113492,82.56195831298828,6990100,-0.00409213326630731
82.0287502895632,82.20648411938868,81.0215919205522,81.11468505859375,7045800,-0.01768500312652817
81.08932208353158,81.21627670575226,80.88619856228668,80.97083282470703,7197500,-0.001775016960611012
80.84383341761345,81.26701095246882,80.78458882102076,81.03849792480469,6127700,0.0008353235424052664
81.03005986762658,81.4024582900684,80.70844715735888,81.36013793945312,6757200,0.003961122376355816
81.2331719106345,81.24163081315137,80.76767398510657,81.1739273071289,4222800,-0.002291343830142205
81.51248462244133,81.97798266454677,81.40246074757056,81.96105194091797,8095700,0.009650054767264002
82.6127391048406,83.01052711818056,82.57041875811912,82.76508331298828,9243600,0.009762115235641
82.34189574072394,82.92588287770063,82.34189574072394,82.8243179321289,4751900,0.0007154397711670002
82.8158539261345,83.11207695075568,82.63812011136179,82.73968505859375,5240700,-0.0010223584762146774
82.41090162522504,83.26908482476554,82.21547781149255,83.0396728515625,8681300,0.003619125133415068
83.00563730491628,83.54093592517857,82.90367288471518,83.36250305175781,5114000,0.0038801248057006785
82.84421429011775,83.03114586213843,81.90106425497798,82.02001953125,7746100,-0.01623524647492433
81.38275139376556,82.1474684679784,81.229807978923,81.77360534667969,7718500,-0.0030088395766961836
81.5866845505546,81.78211479408465,81.31478583080201,81.53570556640625,4554800,-0.0029134890990112684
81.20430740620566,81.2467942033089,80.77096670953803,80.8304443359375,5904700,-0.008687348519309064
80.30367165453426,80.31216383078186,79.77686501120495,79.87033081054688,6380400,-0.011949226113681495
80.4565977156181,80.6350306169217,80.09123325602239,80.1677017211914,5625300,0.0037162572943268478
80.27814564518,80.66050084487657,80.20167071569608,80.3716049194336,4503100,0.0025402290835048018
80.25266582660875,80.33763942814797,79.57292239232447,79.6239013671875,6758600,-0.00934662495011642
79.71736699200692,79.96377617433807,79.4879551229817,79.5814208984375,2539000,-0.0005336564023567612
79.26703643798828,79.51344562345898,79.17357066134161,79.26703643798828,4402100,-0.003958299327617434
79.6663844188995,79.87880544759985,79.50494236266313,79.81082916259766,3247600,0.006836838559963666
79.73437081163745,79.7513681277123,78.92717332765288,79.08861541748047,5492200,-0.009090261079687599
79.01212299578029,79.16506639376448,77.6356388964979,78.24740600585938,8558800,-0.010693259175177168
78.29838706579821,79.26702637114212,78.29838706579821,79.1650619506836,9107500,0.011659385718594536
79.22453647499103,79.22453647499103,78.62126159667969,78.62126159667969,5247000,-0.006892897874354695
78.45983059765503,78.76571740752536,78.32388450581018,78.40885162353516,5571400,-0.002705342285486921
78.29840519329159,78.6297815332828,77.98401968602305,78.55330657958984,4298700,0.0018406346917252622
77.86505344332741,78.10296396339754,77.14282322666438,77.21929168701172,8270000,-0.017128140904750132
77.29095803491879,77.32508285981342,76.42932410510294,76.79615783691406,6916200,-0.005494707394655615
77.23979499331486,77.40188632834963,77.08623649397838,77.120361328125,5186200,0.004212724825650082
77.22269237776118,78.53646857497172,76.96676600706935,78.442626953125,9656000,0.017000155173171556
77.66631648600742,77.66631648600742,76.70231469086563,77.2653579711914,9182500,-0.01512178602922796
76.62553739936239,76.80468784197832,76.06249408094722,76.22457885742188,6780900,-0.01356173684035814
75.81510207573889,75.926002882905,75.26058502261783,75.5506362915039,7282100,-0.008880857058474778
76.08809380403332,76.29283625802373,75.82362802112357,75.9260025024414,6853800,0.004956103888601308
75.84922026496407,76.57435488236338,75.56769534605131,76.25870513916016,7871400,0.004372360034227545
76.03689105347418,76.4378495715362,75.92599026473872,76.30988311767578,5886400,0.0006708848920987035
76.36960731601246,76.67672423152905,75.99424725932707,76.18193054199219,5150200,-0.0016781570451724693
76.13925644326078,76.32693968540023,75.7297651414435,75.77242279052734,4832700,-0.005389891554472668
76.01985630596216,76.20753963073419,75.8407058164924,76.04544830322266,4366000,0.003596754519931143
75.89186720778208,75.9857088422188,75.51650067003521,75.55915832519531,4977500,-0.0064152621300477865
75.67857027668225,76.2245542614236,75.58472866911958,75.9686279296875,5067200,0.00540456125315154
76.18193676185794,76.52317202149662,75.94306296800733,76.46345520019531,3836000,0.006492452225370073
76.4975827687194,76.73645006248299,76.33549796717729,76.5146484375,3635900,0.0006692884536851705
76.51462080025848,77.19709760612163,76.48049598366885,77.18003845214844,4470900,0.008658648978116204
77.29946751212773,77.94782597193314,77.25680986673733,77.86251068115234,6416700,0.008803733436684238
77.8284179818528,78.28056053372363,77.7942931560415,78.11846923828125,4621300,0.003281923052485138
78.51942151934844,79.01422169103003,78.10140382675617,78.24642944335938,6038200,0.0016366874499507784
78.16112398868682,78.18671597993155,77.64073180456148,77.84547424316406,7140700,-0.005137435992529314
78.22650281470732,78.29500394671663,77.35312971315724,77.70419311523438,6394200,-0.0018165409052835375
78.04667846489336,78.56042379901561,77.54149087129095,78.45767211914062,5463100,0.009650049325168159
77.68707141726755,78.10662942044779,77.64425657642919,77.92681884765625,5257500,-0.006789104305748076
77.84975450221471,77.84975450221471,76.86507194315342,76.89932250976562,5603500,-0.013273099927233262
76.97639097284217,77.46445013433794,76.95926242254245,77.35313415527344,4521000,0.005884028878801226
77.00204932825008,77.104800994885,76.55680517141647,76.59104919433594,5419800,-0.009900876665511031
76.3855884730782,76.48834018824607,75.88040723858381,75.95746612548828,6635200,-0.008306691293283564
75.49509336223447,75.59784507761475,74.63884866528466,74.6816635131836,9099400,-0.01693893373460615
73.35446117761575,73.54283600366944,72.19853246539064,72.70372009277344,11596600,-0.026842039947269677
73.45719967432228,73.57707335435424,72.29270689747568,72.6694564819336,9132200,-0.00047138835762741026
73.67984438058458,74.9556469004742,72.73797017198083,74.8443374633789,10108900,0.029489290874789516
73.02907279532938,73.44006637665922,72.56670011686442,73.18319702148438,10930700,-0.022444610481969107
73.57710266113281,73.82541439228375,72.99485604079263,73.57710266113281,7681200,0.005368026453870643
73.38014386455646,73.88533146714401,73.26027016888344,73.36302185058594,6653800,-0.002913853009585262
73.44864080159658,73.80826186812938,73.42295451579082,73.47432708740234,4419200,0.001516034700159563
73.81682710840317,74.04801674893721,73.68838914506495,73.96238708496094,6705000,0.006620627474592369
73.95385729462642,74.45903853335739,73.9024781702973,74.05660247802734,2827100,0.0012730178211342732
73.8082682733006,73.8853336700318,73.02052495464093,73.04621124267578,7757100,-0.013737427579686198
72.9263651859618,73.07192522841783,72.30986790893732,72.48968505859375,5845000,-0.007647994905853253
72.42120716838345,72.80651482395531,71.9845203681391,72.75514221191406,5625600,0.003655310194238328
72.53249969471001,73.18324760298404,72.16431415178744,73.0548095703125,5880200,0.00411038857978495
73.67475723985746,74.25087713099164,73.67475723985746,74.07890319824219,6095200,0.013920809130322382
73.27918526592862,73.52855196989265,73.09001007255021,73.49415588378906,4720100,-0.007924893316661437
73.1932118945399,73.37378645975964,72.81486143766969,72.90084838867188,5243200,-0.00810561462079409
73.0642614739291,73.33942377872282,73.01267059190116,73.11585235595703,5542500,0.002944925088367968
72.9438692521375,72.9438692521375,72.4193401491696,72.77188873291016,3599100,-0.004715464888725657
72.55692233035317,72.72890285983482,71.83462378768948,72.161376953125,9389500,-0.008424779334279714
71.72281351868804,72.04096589403578,71.68841742614539,71.9549789428711,7325900,-0.0028643265378785884
70.82854738285813,71.72282626676531,70.73395975164972,71.66262817382812,11472300,-0.004071244170159622
70.82854330893696,70.9747217995293,70.3986019410409,70.40719604492188,10206900,-0.017673912321481782
70.99192162075123,71.33587605162707,70.82854835038367,71.1123046875,6155800,0.009964909057178712
71.49066008171987,71.81741320507236,71.02632255250178,71.1467056274414,7826400,0.0004836381264819956
71.35306835104791,72.2129510392195,71.31007159248563,72.18714904785156,6148300,0.014518017358423238
72.39355042871082,72.79769648033029,72.29896277576216,72.75469970703125,6210000,0.007831465719484707
72.86646517779842,73.21041960299652,72.8578710734476,73.15882873535156,7452400,0.005539309013905664
73.42538930209345,73.9585189819336,73.42538930209345,73.9585189819336,5028700,0.010871567973775692
73.640374280811,74.07891641607128,73.640374280811,74.01012420654297,5464100,0.0006975157112974484
73.72634289023387,73.80373574676379,73.22761589639971,73.32219696044922,6867700,-0.009338510925801697
73.43400435043786,74.54325412971565,73.36521214078043,74.43146514892578,5732300,0.015015384580337078
74.74960396114027,75.50629838135147,74.67221110613188,75.39451599121094,6680000,0.012855769054228297
75.42032804989854,75.97065257871917,75.41172738402719,75.6868896484375,6618000,0.003870417024140216
75.69205511920501,76.18412227441027,75.51940251909859,76.02873229980469,4347000,0.004506368236448941
75.64024194054906,75.71793361549113,74.92372131347656,74.92372131347656,6272500,-0.014640778580095761
75.20863044876643,76.42584655546402,75.12229755339445,76.36541748046875,4489400,0.019059396078748944
76.4949176186647,76.82296025939719,76.38269406463735,76.52944946289062,6175700,0.002145684137528252
75.71795457074757,76.3740463256836,75.6229936620223,76.3740463256836,5134400,-0.0020326963738030433
76.84022400587443,77.56537292418187,76.83158939886353,77.50494384765625,7124400,0.014698795227660313
76.96972465566765,77.04741636790345,76.19277460192937,76.21003723144531,6196200,-0.01684854969192735
77.00426235492297,77.84164162666173,76.7193861110932,77.57402801513672,8858600,0.017739504425771085
78.1265346494643,78.30782195056274,77.08197072240493,77.25462341308594,10298400,-0.004125916646710292
77.30639431495858,77.89342245493339,77.20279878921878,77.84162139892578,6929200,0.007569503560013173
77.48769312833707,78.13515044187467,77.41862943418673,77.69487762451172,11595900,-0.0018869373925209964
77.02149963378906,77.26321590348209,76.73661692181898,77.02149963378906,9588300,-0.008704731258612566
76.2359204045795,76.34815052769466,75.64889231519388,76.17549133300781,7841700,-0.011044823996512803
76.22730737558972,76.23593539731473,75.86472628857871,76.08917999267578,4122100,-0.0011337015845511583
75.46761541667011,75.5798455551268,74.91511909069732,74.93238830566406,6266700,-0.015319855629631745
74.56118532563268,74.56981334754695,74.24177068534559,74.37989807128906,5196500,-0.007400499574635243
74.80290703267691,75.48489623059137,74.69067687697503,75.16548156738281,5325700,0.010506385744695779
75.31221645739187,75.44170920914058,74.99280846752333,75.09639739990234,3069300,-0.0009195169503122183
75.38126580809231,75.8906021118164,75.00142223150306,75.8906021118164,3939900,0.010520270479247258
75.75248731130495,75.9078772923176,74.70792388916016,74.70792388916016,4766200,-0.01570669471847641
74.56979025077901,74.56979025077901,74.14678678832892,74.2590103149414,4392200,-0.006027041309854011
74.55255369111352,74.61298277830505,73.82739805853853,74.23313903808594,4848200,-0.00034845313008079
74.0259304372761,74.1381539665887,73.60292696464849,73.63745880126953,4062600,-0.008056820865917046
73.21466401506657,73.51791869777145,72.98938627486167,73.45726776123047,8189300,-0.002450001225511506
73.83848017538895,74.45365563387794,73.31861424248527,73.71717834472656,7373700,0.003532010625129599
73.552550941519,73.69118538129689,72.93737548852596,73.04135131835938,7778300,-0.009210119578570314
73.30995270916891,74.17639819055803,73.14532595235957,74.15040588378906,7897800,0.015069805201047563
73.96846177144063,74.3410336364026,73.8038349953896,74.17640686035156,5656300,0.0003505903800910161
74.33237240917785,74.84357216486173,74.33237240917785,74.62696075439453,7071000,0.006055713363809414
74.95619795702946,75.12948440337166,74.5749598425316,74.6009521484375,4478500,-0.00034857562120187927
73.57856963431242,73.8991569334326,73.39661682468949,73.45726776123047,6781300,-0.015449424370305224
73.30997151066174,73.76052036793446,73.25798688379153,73.40528106689453,5210000,-0.000707963969332237
73.4399376183856,73.88182015524009,73.20599358315117,73.3532943725586,6520100,-0.0007084655374271742
72.7467592274844,73.24063286982924,72.6774420049385,72.95470428466797,5536100,-0.005448657320935818
72.79009652313619,73.23197901849262,72.76410421287467,73.21465301513672,4833500,0.0035568194226331404
72.59078006947313,72.72941447882766,72.33951016035738,72.5387954711914,4509000,-0.009274050048953835
72.68610312454501,72.98935768847981,72.01027677907494,72.33086395263672,7387000,-0.002870603301858928
72.31355405751114,72.31355405751114,71.57707656791825,71.84567260742188,7297100,-0.006730542824727009
71.41243262625983,71.42109893171416,70.53732747854473,70.97920989990234,9751000,-0.0121333667108091
70.13008810078884,70.44200895276275,69.14234093968929,69.30696105957031,11960800,-0.023841666509104534
69.6882168064307,69.79219265362012,68.0939535351348,68.19792938232422,13911900,-0.01613114591579868
68.45785003979293,69.87881990748545,68.27589730666257,69.83549499511719,10066800,0.02372820137349144
69.09037194146052,69.22900641378668,68.1979340098412,68.95174407958984,8970900,-0.012735506034221949
69.32430866904036,69.35896728347635,68.63114960123028,68.7957763671875,11578700,-0.0022645457217500575
69.41469907107856,70.47672590667162,69.33635609541345,69.84125518798828,13613000,0.015082530663403773
71.09480317931482,71.3211384446012,70.80753226277686,71.1557388305664,9842100,0.018646095771605517
70.36358625514424,70.41581492387586,69.78904433314095,70.14595794677734,11026900,-0.01429279473541391
70.26779523606876,70.46800946356484,69.72807490178,69.87606048583984,8467700,-0.003855076483226648
69.33636353791032,69.48434915770898,68.77052874525319,68.93592834472656,6037600,-0.0135456097688356
69.1448600180424,69.1448600180424,68.29175420572919,68.7357177734375,2397800,-0.0029085250024192856
68.67477231917651,69.0839145054009,68.33527276922166,68.68347930908203,9676300,-0.0007602790291425509
68.68345502368659,68.69216201051346,68.23949167630592,68.43971252441406,6756800,-0.0035554458469121437
67.31676227927062,68.67476024023699,67.10783440720951,68.23079681396484,9200400,-0.003057219500847106
68.82274784574639,68.82274784574639,67.67367108178595,67.72590637207031,8054800,-0.0074272581056889385
68.33529354052752,68.71832151494846,68.0219082235448,68.10025787353516,7339800,0.005512228831939169
68.4571248717672,68.88367427674324,68.05668978769994,68.82273864746094,9070600,0.010553194094324512
67.9783544114602,68.25692493675359,67.67367620127914,67.79554748535156,8645200,-0.015037672449435024
67.34286839997725,67.97833900267048,66.89890502778358,67.10782623291016,6567000,-0.010195848942347438
67.02078707104695,67.89129998091398,66.46365934005097,67.8477783203125,10789100,0.010965969215234428
67.58663199358648,68.12635247011498,67.25583942883593,67.80426025390625,7385800,-0.0006416131796700114
68.18727551416481,69.04037441770546,68.10892590135774,68.97943878173828,9292400,0.01718344294374062
68.99687234251735,69.83256414790547,68.99687234251735,69.43212890625,7021500,0.006541241403566239
69.42342940319317,69.89350733970441,69.28414409986146,69.58882904052734,6896000,0.0022543392443091425
69.47564565925782,69.9544305020638,69.44082433964579,69.7629165649414,4777500,0.002498535116614634
69.34507107066803,69.34507107066803,68.54419403654295,68.68347930908203,27070100,-0.015593892824828056
69.71744258054055,70.04985123314076,69.33255783503569,70.00611114501953,11197900,0.019073845851446815
70.00610062274376,70.78462602292191,69.35878879340675,69.47250366210938,8725500,-0.007651496783229759
68.68521574295522,69.39376622013867,68.44028735036763,69.2275619506836,9378500,-0.0035319661166196997
69.86613618120977,70.45221583192942,69.6649411730082,70.3385009765625,10249600,0.01592023829870573
70.55719861018268,70.55719861018268,70.06733504115604,70.31226348876953,4683100,-0.0003730870315145022
70.46098033954412,71.12578426226924,70.3560081378401,70.80213165283203,5413800,0.006942879659478251
70.56592597072971,71.10827218258073,69.53372296997982,69.8486328125,11738800,-0.013558596018424605
71.93055578350506,73.11146465601122,71.80808488137414,73.05897521972656,14982500,0.04493648239264523
73.16392231619677,73.29513585118961,72.60408412910508,73.04145812988281,6558300,-0.0002397951809735253
72.55162373165868,72.831542911424,72.3679273956064,72.42041015625,9605600,-0.008539031632021936
73.44387520660165,73.83751599272289,72.63910827655033,73.78502655029297,19587600,0.018667650850044664
73.71504507625355,73.90749079296162,73.52260603334616,73.78502655029297,10058400,0.0
72.94525413491333,73.3476375185838,72.85778064695006,73.12020111083984,6657500,-0.009051141184669799
73.41761897847414,73.49634311550128,72.81404056606877,73.12020111083984,4390700,0.0
73.41761288973068,73.47009564339622,72.98023881238778,73.12894439697266,4628300,0.00011956700482415011
73.40884719519808,73.89871059093828,73.3913551724704,73.88996124267578,5782300,0.010352731704384817
74.07365974988497,74.50228439452631,73.96868758895755,74.3710708618164,2946500,0.006490057448527997
74.31861663607486,74.72974941522183,74.31861663607486,74.7122573852539,1722000,0.00457713311217265
74.7122432831702,74.90468227169441,74.3361013087567,74.41482543945312,5452400,-0.003988978186393442
74.64226658024621,74.87844566116826,74.44107155488362,74.7559814453125,4721800,0.00457403975730509
74.75597776586841,75.73569811829245,74.60727217876264,75.60448455810547,5681500,0.01128637257310812
75.9900227998232,77.15802084548865,75.83194782597315,77.10533142089844,13699700,0.01965682662875568
75.97246730224705,76.78918694195744,75.79682470763842,76.78040313720703,5625500,-0.004222987497986159
76.1568651877843,76.33250103200535,75.49822072183841,75.60359954833984,6933900,-0.015445544983282135
75.4982076992132,75.55089710337556,74.97129355735906,75.19084167480469,6509200,-0.005474457825350664
75.64750831474136,76.29736894800163,75.6387245129185,76.2798080444336,6651200,0.014378826969134851
76.27980387713552,76.56082521941521,75.99878253485585,76.13928985595703,5667700,-0.001843840177809076
75.84072823670793,76.16566197399416,75.61239624023438,75.61239624023438,6389800,-0.0069441829159611985
76.01638673510278,76.07785997936317,75.67389198849767,75.89344024658203,5203800,0.003710013227565144
77.61466980994516,77.62345361312515,76.48180040256,76.622314453125,10831800,0.009558091319239417
76.56082234049231,76.89453307812673,75.71775834535508,76.50813293457031,6368200,-0.001491297670239868
76.42879923766418,76.51696122967519,75.89981383294044,76.10259246826172,6104000,-0.005314717164468347
75.78520773154273,75.88218794553619,75.45018945450207,75.70586395263672,5663900,-0.005226710397392898
75.57361104745583,75.62650689547719,75.238586073111,75.29148864746094,5357500,-0.005488524643070812
74.87712551916118,75.1416182317702,74.71843123686158,74.91239166259766,5477500,-0.005047776249602565
75.60005822642462,75.97916082827498,75.50307802178881,75.89099884033203,6668600,0.012978765417620263
75.8557369733584,75.8557369733584,75.30031036433117,75.50308227539062,4473700,-0.0051246047536844756
75.27386581857365,75.36203454964927,74.92121779959041,75.09754180908203,2268000,-0.005385654262826164
74.99173228913318,75.00936872327482,74.61262967103383,74.64789581298828,2358600,-0.0060054897783976486
74.7977605701572,75.03580531080074,74.30404811004878,74.37458038330078,5823400,-0.00366811427537642
74.90357036505601,75.05344642375118,74.60381824766567,74.9476547241211,4332000,0.007675710908492174
74.68315284410902,74.81539917872287,74.42747839087637,74.57735443115234,2465700,-0.004953031631213706
75.46781691458028,75.48545334914223,74.85949444877261,74.90357208251953,6537900,0.0043646795194212185
75.5295244796299,75.89980885760079,75.40609635363961,75.82046508789062,6395700,0.012166663433650313
75.08869763212427,75.27383979598473,74.83302319831864,75.13278198242188,6627500,-0.009111269564007785
75.24740718975067,76.48169525966814,75.141615489631,76.46406555175781,8135400,0.01756392451356739
76.04970010802187,76.63157466305816,75.95271989446097,76.3141860961914,8375400,-0.0019620528711605267
75.94389504047227,75.94389504047227,75.5912403607344,75.83809661865234,8733300,-0.006258085949500738
76.70208740234375,76.85196343007573,76.48167910521057,76.70208740234375,21637000,0.011328162853374577
77.0635753366873,77.72480035763498,76.40235031573961,77.61018371582031,11072000,0.011769728872808331
77.2839909746941,77.76888533337892,77.24872482975404,77.425048828125,7729700,-0.0023882955204124192
76.98422733354141,77.6190044504534,76.92251326530435,77.50439453125,7286400,0.0010242818710462004
78.53589654189916,78.88855120969549,78.1215278117131,78.42127990722656,13413400,0.011760679533963167
78.13915264068132,78.32429481629363,77.83058234799411,78.20086669921875,10619900,-0.0028145873146444337
77.87467533658064,78.0598175327233,77.74242898895626,78.02455139160156,6131600,-0.0022571920066680475
77.89229151688147,78.15678416619735,77.80412954255202,77.98045349121094,4270800,-0.000565339574820169
77.74244331223709,78.35077258759071,77.60137872176034,78.3243179321289,6428700,0.004399929605945001
77.98930088065705,78.28905977710355,77.8570545065286,78.27142333984375,6291200,-0.000675555974475002
78.04219673977643,78.29787126940344,77.76889249921963,78.27142333984375,5835000,0.0
77.82177740064387,78.24496439300206,77.82177740064387,78.12153625488281,4154600,-0.0019168015138453602
77.51321936016582,77.80416004320183,77.12530517578125,77.12530517578125,6648700,-0.012834332020177265
77.31924560020987,77.55729038221634,77.1429216127694,77.50439453125,10027600,0.004903199264721929
77.87776756288952,79.0279759173205,77.7450569260824,78.97489166259766,8472000,0.01879533651282925
79.44382724646923,79.60308677428847,79.03683217543943,79.23148345947266,14188400,0.0032437633649747993
78.18742984784211,78.559033065563,78.07240498262932,78.1431884765625,9056000,-0.01383084479860651
77.41766900134144,77.48845249021107,76.97528232133376,77.03721618652344,8997700,-0.014254261273469591
77.02838383736517,77.70081363185693,76.76295582000624,77.10801696777344,8378700,0.0009186244008988529
77.10800021852405,77.18762658134949,76.67446315914262,77.06375885009766,7534900,-0.0005741403529505125
77.44423715844822,77.54156280079309,76.43559572895352,76.55946350097656,7788500,-0.006565376677276019
76.35595440976164,76.39133940888873,75.69237429641012,75.9666519165039,10120200,-0.007773286139883259
76.18784284973924,76.31171059357843,75.97549911034147,76.17899322509766,6715100,0.002791291808111771
76.26747070748314,76.41788732817945,75.84278322040836,76.22323608398438,13109600,0.0005806064692120675
76.0020523071289,76.14361257059016,75.81625066429969,76.0020523071289,8657100,-0.002906007731685781
75.81624504072367,75.92241354287302,75.4888764084286,75.5065689086914,8208900,-0.0065406860795394935
75.30308379836863,75.59506071482166,75.21460778588539,75.53312683105469,8941400,0.00035166811621148225
74.94033243246554,74.98457381919968,74.32984314731914,74.39177703857422,7284700,-0.015225913943793365
74.85184109305531,75.05534197998888,74.61295520432037,74.6837387084961,8897100,0.003916968413589034
75.48888652609214,75.94896584773764,75.25000061395235,75.87818908691406,7930200,0.015866898826553306
75.2057607528601,75.51543018237325,75.07304335441525,75.35617065429688,5162400,-0.006903464354227272
75.75434781868329,75.83397423382314,75.44467153681184,75.73664855957031,6826400,0.005036357273423762
75.37384094589675,75.54194328573371,75.0287798926989,75.41807556152344,5695100,-0.004215196998922845
75.31943337040936,75.40830450207551,74.86618178434945,74.91950988769531,7304200,-0.0066326394703613
74.39516292674804,74.7239935911414,74.29740264221037,74.64400482177734,8891400,-0.003684125477623534
75.18612547365302,75.80823697431015,75.09725433939713,75.79045867919922,6299900,0.015242199512600908
75.95934266023625,75.97711418054796,75.42610890522907,75.48831939697266,4664800,-0.00399447546852453
75.6393945769136,75.65716609570418,75.02617208190385,75.17725372314453,6995000,-0.004129226197754865
75.16835663781964,75.53273033538422,74.72399417027107,74.8217544555664,6783900,-0.004740030450923543
75.02615473152608,75.27499661965459,74.74176303360308,74.83952331542969,11879300,0.00023745433971174783
75.4349689156043,75.70158910429694,75.22167683291002,75.54161834716797,8826200,0.00933760876302518
75.3194531353251,76.11930709107916,75.30168161650145,75.4172134399414,14656800,-0.0016481968483263226
75.44387713825445,75.71049739435823,75.10616402356646,75.21280670166016,7247100,-0.002714025578163466
75.18614930819305,75.49720176691098,74.919535820907,75.48831939697266,11381500,0.0036564159724312394
75.54162836785262,75.68382762880042,74.99061640233089,75.16836547851562,7268600,-0.004247463691955995
75.18613405824104,75.23057302065939,74.82176033205859,74.83064270019531,20251600,-0.004503007761051782
74.71510237136543,75.15057567559033,74.71510237136543,74.83952331542969,9517700,0.00011866914404135831
75.35499307090936,75.47052487919778,75.20391144920134,75.37276458740234,5544000,0.00709986538902174
75.3461039822791,76.48367089087458,75.21279387695822,76.03042602539062,9077600,0.008687605217689055
75.9948862873375,76.30593872070312,75.83491549583024,76.30593872070312,6410200,0.003617166474595587
76.07486845994096,76.28816058894085,75.84379803160425,75.88823699951172,4949900,-0.005489076937306291
75.5860613774896,75.79046432345714,75.53273326861829,75.56828308105469,4239500,-0.004225032956550625
75.55053111897568,75.57719179009491,75.1594898613997,75.30168914794922,11901400,-0.00353409239283695
75.52383843794138,75.68380917729021,75.46162797155195,75.66603088378906,6385500,0.0048267595631775
76.04819991169944,76.22594220404366,75.90600743391084,76.19039916992188,6493100,0.006906133248055489
76.27927564283114,76.78584866986438,76.25261497516111,76.67919921875,7196100,0.006395015357125334
76.73453843137673,77.06474782229039,76.61851302678319,76.9665756225586,6277000,0.003740769822258451
76.84164066128572,77.15400369795285,76.78809465757237,77.07368469238281,4683200,0.0013906635429873093
76.9219515042264,77.12721568451188,76.68990751829297,76.91302490234375,4970000,-0.002086671619353112
76.92195504164529,76.96657443510604,76.77023003867168,76.83270263671875,3563700,-0.0010448716100067332
76.43108367919922,76.49355626876903,76.26151230365191,76.43108367919922,4056100,-0.005240897232745056
76.61849027679139,76.6631164666925,76.45784552574824,76.51139831542969,4433000,0.0010502594513385735
76.95765260569328,77.05581799231072,76.52033762193167,76.73453521728516,4639100,0.002912143303325948
76.90408780375977,77.06473257070986,76.75236963747389,76.8148422241211,2987600,0.0010460089841628861
76.65420532226562,76.80592350411851,76.4578609415139,76.65420532226562,4158300,-0.002093411838907124
76.49356150955083,76.50248811124428,76.02055375482928,76.16334533691406,6169600,-0.006424153133875959
76.0741162308802,76.39540587144121,76.0741162308802,76.14551544189453,4666100,-0.00023412813948981516
75.85991341432778,75.94023240726882,75.74389482152321,75.77959442138672,5465800,-0.004817132973339292
75.71711113103935,75.895609121201,75.64571874397679,75.69033813476562,6161300,-0.0011785348477527757
75.86882826781459,75.96700044998609,75.53861212696488,75.69925689697266,2954900,0.00011782529988897538
75.60111301348185,75.94024907310826,75.60111301348185,75.90455627441406,4877100,0.002708368591006452
76.04733223207138,76.46679402486939,76.04733223207138,76.36862182617188,4325800,0.00609519016109227
76.475715115166,76.53818770901597,76.10979934475752,76.16334533691406,5070500,-0.002691588091405733
76.24367071362259,76.27044370955319,76.10979892496758,76.18119812011719,3661100,0.0002343737803760806
76.4667915775604,76.8862533569336,76.4667915775604,76.8862533569336,7019700,0.009212412128417589
76.50987748019654,76.68014058608283,76.00805801456634,76.12454986572266,7072300,-0.009956287625644189
76.26793189705622,76.5367676643725,76.20520446291941,76.44715118408203,4142900,0.00422885498296038
76.6622275910962,76.90417432822332,76.52780969856867,76.6891098022461,3694700,0.0031600460655538767
76.69807108249701,76.69807108249701,76.26794200193544,76.30378723144531,6763800,-0.005037140847672718
76.29482467568076,76.59054269333947,76.25001642932816,76.51885223388672,4066400,0.0028145717829405866
76.36652473998343,76.36652473998343,76.14249715360084,76.21418762207031,3406100,-0.003989510274860456
76.16936645154007,76.26793911977255,76.07079378330758,76.17832946777344,3094500,-0.00047060256820245696
76.57260588798607,76.65325935271886,76.4740332293002,76.59949493408203,3712700,0.005513451115622519
76.85039367814583,76.95792250003959,76.70701279991874,76.8414306640625,3556600,0.003153473293116887
76.6890918321611,76.76973844671338,76.33064648167267,76.35752868652344,5072200,-0.00631732211378554
76.0260009765625,76.1245736648109,75.98119955985479,76.0260009765625,4737000,-0.004351234464358151
75.88259982506023,75.93636424065828,75.6944175336899,75.73026275634766,2822800,-0.00389754712348572
75.85573363174332,75.91846107544296,75.66755130064439,75.7392349243164,4034600,0.00011846831364237987
75.58686920873114,75.65855964204212,75.40764996222973,75.43453216552734,4421200,-0.004031164629687359
75.5510453905758,75.68546328191135,75.4076713201217,75.42559051513672,4407400,-0.00011854226607023489
75.56001531892194,75.61377974566352,75.35390695511497,75.41664123535156,3578900,-0.00011865748327643216
75.47935100825467,75.5420784370275,75.26427967808182,75.50623321533203,3190700,0.001187255289570076
75.68546488962231,75.68546488962231,75.30013723922346,75.38079071044922,4770700,-0.0016627345482707226
75.5151958912209,75.5779233253914,75.09402988280613,75.18363952636719,4019000,-0.002618829645863202
75.17466852478739,75.53311389772973,75.17466852478739,75.49726867675781,4146700,0.004162831337313711
75.74819293791396,76.08871918417341,75.70339153067539,76.07079315185547,4482100,0.007567916426214638
75.73028223470747,76.15145516329324,75.73028223470747,75.97222900390625,4623600,-0.0012965298947472197
76.03791568598707,76.47884368896484,75.93893086781762,76.47884368896484,9882600,0.006646283833928469
76.55082367211817,76.60481288741315,76.31685896356812,76.36185455322266,4724100,-0.001530863964050327
76.40683684929697,76.63180102770329,76.28085059325649,76.61380004882812,6430300,0.003293932280418739
76.52383033438426,76.78478965491242,76.34385483814249,76.74879455566406,3854300,0.0017604624132627768
76.68580500799413,76.79378344060083,76.28986578080104,76.29886627197266,3861300,-0.005879600869624007
76.31684827669801,76.73978204491894,76.29885416257382,76.73078155517578,4117700,0.0056448725620870995
76.60479775513903,76.79376683670617,76.56880266359838,76.64079284667969,3415200,-0.0011734732354876513
76.91075433903524,77.09972342487382,76.69479065027141,77.06372833251953,5517600,0.005503241544250569
77.13572355374357,77.30669853724963,76.77577947206035,76.9467544555664,3637300,-0.0015190381502401538
76.97374661694789,77.28869510391272,76.72178782737602,77.10872650146484,3561100,0.0021027762800057345
77.25272557529057,77.50468444824219,77.11774564610523,77.50468444824219,5592400,0.00512192066622439
77.40569372775188,77.41469421977575,77.12674026328679,77.19873046875,2511600,-0.003955366835850139
77.29770039466469,77.50466361379817,77.22571020306933,77.23471069335938,3889800,0.00046596417187414174
77.32469991097147,77.79262245533343,77.11772981333101,77.6396484375,11177200,0.0052292538179694
77.48666989809323,77.54065910938684,77.26170569721974,77.34268951416016,3848200,-0.0038321694030552887
77.5496647727777,77.75663487214706,77.43268585205078,77.43268585205078,2917300,0.0011629285061696062
77.63965644849524,77.76563587210543,77.5676662448998,77.67565155029297,3700900,0.003132854120317789
77.72064714388104,77.86462068570825,77.57666673669014,77.67565155029297,4381300,0.0
77.69363442001521,77.78362559416243,77.54066040854525,77.72962951660156,4503600,0.0006946735414485584
77.43269777920723,77.43269777920723,77.17173842474661,77.31571197509766,4319000,-0.005339322302285589
77.54967003750117,77.94560928124588,77.50467444512527,77.87361907958984,4943300,0.007190049782420257
77.89711258549504,78.0687739327485,77.80676704749105,78.02359771728516,5083100,0.001924071347082079
77.88808265238596,77.88808265238596,77.53573019886657,77.6260757446289,5234100,-0.005107917390643694
77.04783680840275,77.04783680840275,76.38830828481751,76.5147933959961,7823100,-0.014419298518634365
76.37024779091972,76.70453386506918,76.13534387684379,76.42445373535156,5414500,-0.0011813798334430613
76.5148130407514,76.8039229252329,76.5148130407514,76.74971008300781,3788700,0.0042468890106545365
77.1291598353755,77.26467468654187,77.05688065280529,77.2375717163086,5984500,0.006336409863288166
77.8880751482472,78.22236121757659,77.85193555483949,78.15911865234375,4950600,0.011860712569320725
78.77348005117676,79.08065626393463,78.6108553229747,79.00837707519531,6892500,0.010807154299127516
78.82767298646822,78.87284919520508,78.53856317214876,78.54759979248047,3852300,-0.00584907796631663
78.49337776093138,78.72828161156409,78.46627479603546,78.6650390625,2214500,0.0014940184544890746
78.73732269816433,79.14388098051172,78.71924945859438,79.05353546142578,5535800,0.004926460765101635
79.01739911442675,79.17098719246114,78.72828930574727,78.83670806884766,6555500,-0.002746560193142443
78.54760732630518,78.55663705458127,78.22235789238455,78.35787963867188,6902800,-0.006092193352547671
78.56565942591386,78.72828411337808,78.4843505286423,78.60179901123047,6036800,0.0031080538774254777
78.8999676226675,79.01741613830542,78.70120329395486,78.75540924072266,5910100,0.0019523767610340648
78.54760161396176,78.74636590833846,78.43918284623216,78.65601348876953,3301300,-0.001262878683641044
78.81864341999925,79.0264443486955,78.64698897586473,78.90898895263672,3514400,0.0032110643520474914
78.97224227171075,78.98127200037071,78.12297905893602,78.15911865234375,6565000,-0.00954841831357729
78.6740886433427,79.1167865597259,78.5927728423373,79.10774993896484,4310300,0.012064114973914467
79.18003167336049,79.31555341745975,79.06258317136631,79.21617126464844,4705600,0.0013696141657911678
78.80616881530639,78.85152504300761,78.42520141601562,78.42520141601562,8951300,-0.010035138276078602
78.271008813581,78.271008813581,77.58163422472836,77.86282348632812,8745800,-0.007196717180277185
77.44555869271073,77.49091491670112,77.18250781842045,77.20065307617188,7354000,-0.00854068862518328
77.73582118568476,78.37077372493854,77.73582118568476,78.22563934326172,6336600,0.013189546122832884
78.10772618725204,78.19843171948327,77.93538083174074,77.97166442871094,2721200,-0.003251978519995665
78.19845273519732,78.2619473168621,78.00796899020298,78.1712417602539,4013300,0.002556343353647032
78.27100860136842,78.3707867752893,78.1621577969849,78.33450317382812,3013000,0.0020863320111740454
78.37984694890505,78.66103616505326,78.02608362097926,78.03515625,4229100,-0.0038287131993426835
78.05331611910708,78.13494903440998,77.79933090170016,77.853759765625,4950500,-0.0023272541869337696
77.45462676289924,77.46369939124097,77.19157590409115,77.22785949707031,4343600,-0.008071925866597104
76.85597183711354,76.8922485130361,76.56570998701433,76.57477569580078,8907200,-0.008492542740351714
76.72897691630749,76.8106167393028,76.42057672371931,76.42964935302734,6894600,-0.0018970220795799344
76.38428823941074,76.46592805718231,76.20287718718868,76.36614990234375,6233600,-0.0008311675405830024
76.29359289269276,76.55664379778369,76.23009832390454,76.34801483154297,4198800,-0.00023750345513310405
76.27542588289883,76.27542588289883,75.85817498978533,75.96702575683594,5360900,-0.005002655913764824
76.16659418028452,76.26637233589285,76.06681602467619,76.17566680908203,5616800,0.0027427039645198915
76.76527013455735,77.40022277832031,76.72898653316611,77.40022277832031,5303800,0.015947580383665505
77.27321998526104,77.27321998526104,76.83782376585718,76.87410736083984,5073700,-0.006820544371455304
76.92855558807273,77.236962790648,76.74714447153939,76.99205017089844,4679700,0.0015330574968573962
77.19159750134057,77.31858665210373,77.10089195370826,77.23695373535156,3304400,0.0031758458408164343
77.21879264784103,78.05330150804146,77.20972693920856,78.03515625,5650000,0.010281428468539473
77.83561142530293,77.98981845986896,77.75397851322911,77.82654571533203,3956700,-0.002676868744614596
77.71767606351003,77.871876140289,77.71767606351003,77.75395965576172,3925100,-0.0009330997436182703
77.90790863113575,77.94434482564697,77.252071028921,77.56177520751953,5214400,-0.0024747595148223727
77.27940466593222,77.31584086432306,76.78753336139155,76.80574798583984,5055600,-0.00979523737750476
76.79661851361553,76.9150378669469,76.57800832595441,76.68731689453125,5023300,-0.0015431461337039871
76.82396859881503,77.10634742098225,76.77842855939727,77.09723663330078,3756900,0.005331103810036153
77.27939263883022,77.44335203132462,77.06078243200206,77.16098022460938,3568000,0.0008264531541358546
76.9423666039282,77.0607790128952,76.8968196276755,77.04256439208984,2913700,-0.0015358383115053455
76.997038817289,77.1245620468504,76.91506257664014,77.09723663330078,2630600,0.0007093851573694182
77.09722187966678,77.24296665670082,76.93326248025022,77.14276885986328,3380600,0.0005904074982305359
77.28847921061943,77.40689853723377,77.13363065219099,77.1700668334961,5665500,0.0003538004313757432
77.09721306346717,77.10632384836333,76.90592827760383,76.9150390625,5196300,-0.003310222651136696
76.8694919181741,77.02434051360434,76.83305572816239,76.96057891845703,2504100,0.0005919047849705155
76.88772077802282,76.9605862154623,76.78752298336357,76.86949920654297,3252200,-0.0011841601287231514
77.10634141044356,77.30673702684605,76.80574798583984,76.80574798583984,5410200,-0.0008296876110491517
76.27742212672305,76.31385831966514,75.91306714679537,76.03148651123047,9740000,-0.010131930228852283
76.28655095463473,76.53248662829283,76.24100396531163,76.34120178222656,4928300,0.004065239000487825
76.03149202082679,76.03149202082679,75.8584218291837,75.90396881103516,5234100,-0.005743816655272037
75.8493312309961,75.89487822497037,75.32102362817069,75.40299987792969,12528200,-0.0066219126330727945
75.68534090712373,75.76732407293431,74.97485256773138,75.0750503540039,8379700,-0.004358775816728327
74.71981638938182,75.25724158456151,74.54674619863847,75.24813079833984,9125200,0.0023027788461265444
75.68534893157964,75.72178512585937,75.07505831375444,75.16614532470703,6968200,-0.001090128993938147
74.84870705049937,74.91274257568959,74.32727292270786,74.34556579589844,9072800,-0.010976902907576741
74.11689292950166,74.23582107537872,73.38505909192935,73.51313018798828,8120300,-0.011259999252130977
73.82414030221689,73.95221136757591,73.4765198361495,73.86073303222656,8236500,0.00471730171471828
74.08943223036658,74.13517488763586,73.71436896228697,73.83329010009766,4510100,-0.000371618727186333
73.22037770543146,73.99795402492539,73.03741405538314,73.86073303222656,7133400,0.0003716187271863997
73.76012062778042,74.2449691701375,73.52227830060652,74.22666931152344,3437800,0.004942176286990104
74.14431627340686,74.80296439849973,74.06198089567727,74.34556579589844,8594900,0.0016005212504226715
74.88529766753092,74.94933319091797,74.56512005059568,74.94933319091797,6297200,0.008088296260340787
74.78468301874824,74.78468301874824,74.03454947437027,74.1626205444336,6076200,-0.010552070797162756
74.67489413401066,74.79382223872183,74.26323817907668,74.37301635742188,6175000,0.002832935692579607
74.1534741860854,74.38217353354247,74.14433123731928,74.29069519042969,4714200,-0.001107481772775576
73.75098035607593,74.08030802957738,73.71438761687006,73.9339370727539,4325300,-0.004813758700377169
73.61376587406353,73.70524424053608,73.27528824082792,73.458251953125,6891700,-0.0064547080048246355
73.34843569621927,73.78754139871377,72.90932999372477,72.9184799194336,9761700,-0.007375140480622264
73.357614771719,73.44909312711243,73.18380101092569,73.3210220336914,6853500,0.005505258504904012
73.21122195634966,74.02539094111071,73.06485802729945,73.74180603027344,6475900,0.0057225221412435965
73.9888082296215,74.354728570804,73.8424442807585,74.32728576660156,5009200,0.00790823770924804
74.0253910732091,74.07113372700276,73.68692056079263,73.76924896240234,5211400,-0.007536158037702459
73.91562489131415,74.17176701951774,73.78755382721236,74.0619888305664,5260400,0.003960465395227377
74.09857940673828,74.17176486391223,73.89732288918458,74.09857940673828,3549800,0.0004939313793287845
74.13518130920293,74.35473072854366,74.03455303797381,74.29069519042969,4727100,0.002589350093574598
74.36387824248675,74.56513477841133,74.25410004670516,74.27239990234375,5369200,-0.0002462965404295099
74.40287934783925,75.28501711465692,74.32017520781471,75.24826049804688,12803100,0.013053372684438192
75.90988196347296,76.23149366498163,75.80880299862605,76.00177001953125,9214200,0.009963842689029622
76.77362069122748,77.06766658344037,76.67254175853489,76.74604797363281,9055000,0.009745263195509994
76.45200116676348,76.49794868493116,76.0568763465852,76.11201477050781,7707800,-0.008295759188607237
76.21310573161874,76.49796075952086,76.16715820619861,76.36931610107422,5946400,0.0033748600344792445
76.34174936278201,76.53471634785534,76.33255845570005,76.5163345336914,4679200,0.001923247568673037
76.27741892966266,76.3601160527895,75.61581390221897,75.73526763916016,6049700,-0.0102603024931011
75.97420538745526,76.09365916097397,75.79042927271732,76.06609344482422,5256700,0.004358674086385093
75.54230467957737,75.80878488590376,75.35852861136974,75.66175842285156,5480400,-0.005329752898132078
76.68172316031742,77.05847317184931,76.62659174813493,76.97576904296875,11433000,0.017217824524438947
76.782802672117,76.87469770726062,76.44281628027043,76.4979476928711,5009800,-0.006226771646993485
76.81956842146984,77.22388419025164,76.81956842146984,77.13199615478516,6221400,0.008254277076507057
77.28820077750852,77.48116774084271,77.16874704133228,77.38008880615234,6150700,0.0032113069296078106
77.25145362705652,77.95899924595457,77.1871312980658,77.86711120605469,5572400,0.006274174316961493
77.90386782413626,78.04170338929013,77.67414421908249,77.86711120605469,4787600,0.0
78.01412203470525,78.26222039374619,77.75683277033491,78.25303649902344,8192200,0.0049439625151723255
78.1060155519722,78.17952877856683,77.99574571208026,78.0968246459961,1816800,-0.001998235289268528
78.09684274882059,78.47359286449327,77.96819807776376,78.43683624267578,5156700,0.004344268568090379
78.29898941639964,78.86870645682161,78.16115385703537,78.84114074707031,16016500,0.005141284275237693
79.20869184680875,79.46598815917969,79.09842900925744,79.46598815917969,7601600,0.007894156900512737
79.2913828020511,79.30975760171863,78.69410015906172,78.90544891357422,8840400,-0.007078821745505373
78.87038690650051,80.12493397470524,78.75968909301785,80.11570739746094,12641400,0.01522164572054846
79.49767625206015,79.60837408755972,79.26706103979933,79.56224822998047,6375900,-0.006932220314426742
79.86666661204893,80.1526272396667,79.72829606913712,80.02348327636719,5618200,0.005780420671860916
80.49394314877298,80.54006197282627,80.1987559311221,80.46627044677734,7588800,0.005517963404307153
80.3094488097182,80.63231577550762,80.3094488097182,80.38324737548828,5604900,-0.001032307460861147
79.94046251766511,80.18029727707217,79.8851100796483,80.10649871826172,7276300,-0.0034488051513872574
79.95891746359622,80.06961531402972,79.68217635642185,79.97736358642578,5497300,-0.001613343880976663
80.0050385920304,80.207974082419,79.77442336230773,80.14340209960938,8047900,0.0020739167963004642
80.27254633828632,81.47174835205078,80.18030165364712,81.47174835205078,13651500,0.016438757902964424
82.18869620631736,82.49436274710392,82.07754023979408,82.31837463378906,9352500,0.010338032679268546
82.22572918433211,82.42951155988513,82.06826355483868,82.20720672607422,4897400,-0.001351375557698078
82.28131240581328,82.38320359571081,82.05900050043132,82.2257308959961,6359600,0.00022530972526692912
82.26278163089317,82.5684551959435,82.23499440987828,82.42951202392578,4787700,0.0024752474122366635
82.45729656664724,82.59623973415196,82.40172212642258,82.43877410888672,3027600,0.00011235738768119512
82.79076568010653,82.88339917906792,82.39246566218142,82.58699035644531,2706800,0.001796280573424115
82.60550848954641,82.72592213816816,82.38320365095878,82.475830078125,1791700,-0.0013468847173736238
82.3924621429808,82.7722396850586,82.35541722531107,82.7722396850586,2646100,0.0035874540047979467
82.88339643409228,83.11496603993893,82.76297571620815,83.06864929199219,3327200,0.003574630169775526
82.827817145953,82.99454754931476,82.67961626904463,82.83708190917969,2700200,-0.0027915555600813765
82.63328978290563,82.84633691035307,82.47582416132526,82.49434661865234,3815500,-0.004146045123283483
